Product Name,Over_All_Rating,Price,Date,Rating,Name,Comment
Buy Levis Pure Cotton Casual Shirt  - Shirts for Men 22575952 | Myntra,4.4,‚Çπ1218,8 Jan 2021,5,Myntra Customer,This shirt is very good at this price. The fabric is good and fitting is also as expected. Happy with the product
Buy Levis Pure Cotton Casual Shirt  - Shirts for Men 22575952 | Myntra,4.4,‚Çπ1218,3 Aug 2024,5,Myntra Customer,"It is very comfortable and Fit: Some reviewers say the shirt fits well and feels tailored
Fabric: Some reviewers say the fabric is soft, comfortable, and has a crispy feel
Color: Some reviewers say the color looks rich "
Buy Levis Pure Cotton Casual Shirt  - Shirts for Men 22575952 | Myntra,4.4,‚Çπ1218,20 Dec 2020,5,Myntra Customer,The product is just amazing with perfect fitting wherein if we talk about the quality is quite premium and color looks exactly same as shown in the picture..LOVED IT??
Buy Levis Pure Cotton Casual Shirt  - Shirts for Men 22575952 | Myntra,4.4,‚Çπ1218,8 Jan 2021,5,Myntra Customer,"As it's a slim fit shirt, it was like 2cms shorter than regular L(42) sized shirts which I have. I'm okay with that ! Great shirt ‚ù§Ô∏è"
Buy Levis Pure Cotton Casual Shirt  - Shirts for Men 22575952 | Myntra,4.4,‚Çπ1218,12 Jan 2025,5,Myntra Customer,"I ordered an L size , it was perfect for me. The colour is exactly the same as shown in the image. Very good quality and also very comfortable."
Buy Levis Pure Cotton Casual Shirt  - Shirts for Men 22575952 | Myntra,4.4,‚Çπ1218,24 Dec 2020,5,Myntra Customer,M looking more smarter than model in this shirt ‚ô• 
Buy Levis Pure Cotton Casual Shirt  - Shirts for Men 22575952 | Myntra,4.4,‚Çπ1218,28 Feb 2021,5,Myntra Customer,"Quality of this is Supreme. Comfortable, wearable. Great option for gifting purpose."
Buy Levis Pure Cotton Casual Shirt  - Shirts for Men 22575952 | Myntra,4.4,‚Çπ1218,18 July 2024,5,Myntra Customer,The shirt is awesome but it's loose near shoulders and long and the quality is very great
Buy Levis Pure Cotton Casual Shirt  - Shirts for Men 22575952 | Myntra,4.4,‚Çπ1218,26 Mar 2021,5,Myntra Customer,"Branded shirt at very low price(during offer)
Wonderful service by myntra"
Buy Levis Pure Cotton Casual Shirt  - Shirts for Men 22575952 | Myntra,4.4,‚Çπ1218,23 Dec 2020,4,Myntra Customer,Good quality awesome perfect size 
Buy Levis Pure Cotton Casual Shirt  - Shirts for Men 22575952 | Myntra,4.4,‚Çπ1218,13 Jan 2021,5,Myntra Customer,Really... product very good.. and i love it?? thank u  
Buy Levis Pure Cotton Casual Shirt  - Shirts for Men 22575952 | Myntra,4.4,‚Çπ1218,28 Dec 2020,4,Myntra Customer,Simple white shirt. Little bit translucent. Ultra white. 
Buy RARE RABBIT Men Auxfo Slim Fit Button Down Collar Cotton Shirt  - Shirts for Men 23136562 | Myntra,4.2,‚Çπ1999,26 July 2024,4,Myntra Customer,"
Rating:_ 4.8/5
Pros:_
Unique design:_ The Auxfo Slim Fit Shirt features a stylish and modern design that sets it apart from other shirts.
Comfortable fabric:_ The shirt is made from a soft, breathable, and lightweight material that feels great against the skin.
Slim fit:_ The slim fit design creates a flattering silhouette, perfect for dressing up or down.
Good quality:_ The stitching and material quality are excellent, ensuring durability and longevity.
Affordable:_ The shirt is priced lower than similar brands, making it an excellent value.
Cons:_
Limited size options:_ Some users have reported limited size options, so it's essential to check the size chart carefully.
May wrinkle easily:_ Some users have reported that the shirt may wrinkle easily, so it's essential to iron it regularly."
Buy RARE RABBIT Men Auxfo Slim Fit Button Down Collar Cotton Shirt  - Shirts for Men 23136562 | Myntra,4.2,‚Çπ1999,3 Feb 2025,5,Myntra Customer,"Versatility: The button-down collar is a nice touch, providing a more refined look, whether for formal or semi-formal occasions. The shirt can transition well from work to casual events.

Fabric Quality: The cotton used is soft yet durable, with an opaque finish that makes it more structured and resistant to wrinkles, offering a polished look throughout the day.

you‚Äôre looking for a versatile, comfortable, and stylish shirt that pairs well with both professional and casual looks, the Rare Rabbit Auxfo Slim Fit Shirt is a solid choice. Just be mindful of sizing and your budget
"
Buy RARE RABBIT Men Auxfo Slim Fit Button Down Collar Cotton Shirt  - Shirts for Men 23136562 | Myntra,4.2,‚Çπ1999,20 Oct 2024,5,Myntra Customer,"I recently purchased a Rare Rabbit shirt, and I‚Äôm impressed with both the style and quality. The fabric is soft and comfortable, with a premium feel. The fit is tailored perfectly, giving a sharp look without being too tight. It‚Äôs versatile enough for both casual and formal wear, and the detailing adds a touch of sophistication. Highly recommended for anyone looking for a stylish, well-made shirt!"
Buy RARE RABBIT Men Auxfo Slim Fit Button Down Collar Cotton Shirt  - Shirts for Men 23136562 | Myntra,4.2,‚Çπ1999,11 June 2024,5,Myntra Customer,Best product 
Buy RARE RABBIT Men Auxfo Slim Fit Button Down Collar Cotton Shirt  - Shirts for Men 23136562 | Myntra,4.2,‚Çπ1999,29 Sept 2024,4,Myntra Customer,"First time giving feedback on Myntra!
I bought this shirt for 1649
And I feel it is a top notch product.
Cloth quality is also good
Slight issue with collar, rest is fine."
Buy RARE RABBIT Men Auxfo Slim Fit Button Down Collar Cotton Shirt  - Shirts for Men 23136562 | Myntra,4.2,‚Çπ1999,21 June 2023,1,Myntra Customer,
Buy RARE RABBIT Men Auxfo Slim Fit Button Down Collar Cotton Shirt  - Shirts for Men 23136562 | Myntra,4.2,‚Çπ1999,22 June 2023,4,Myntra Customer,A bit overpriced and the fabric is a lot thicker for the Indian climate conditions. The contrast coloured buttons look good. Decent quality. Confused brand image.
Buy RARE RABBIT Men Auxfo Slim Fit Button Down Collar Cotton Shirt  - Shirts for Men 23136562 | Myntra,4.2,‚Çπ1999,25 Oct 2023,5,Myntra Customer,"Length is too short but the shirt looks so good, cloth is also awesome, If length is extended by 3 inches in 42 size will be pretty good
"
Buy RARE RABBIT Men Auxfo Slim Fit Button Down Collar Cotton Shirt  - Shirts for Men 23136562 | Myntra,4.2,‚Çπ1999,22 July 2024,3,Myntra Customer,"The finishing of the product is very bad . 
At the same price you can buy better fabric and finished products."
Buy RARE RABBIT Men Auxfo Slim Fit Button Down Collar Cotton Shirt  - Shirts for Men 23136562 | Myntra,4.2,‚Çπ1999,6 Dec 2024,5,Myntra Customer,"Simply loved the colour, style and fitting is fantastic. The quality is premium. Would highly recommend this brand and casual shirt style!"
Buy RARE RABBIT Men Auxfo Slim Fit Button Down Collar Cotton Shirt  - Shirts for Men 23136562 | Myntra,4.2,‚Çπ1999,17 Aug 2024,4,Myntra Customer,"The product has good quality and the measurements of the product are absolutely perfect, depends on our requirements "
Buy RARE RABBIT Men Auxfo Slim Fit Button Down Collar Cotton Shirt  - Shirts for Men 23136562 | Myntra,4.2,‚Çπ1999,10 June 2023,4,Myntra Customer,Fit is perfect.material quality is so good .I got the delivery before the excepted delivery.thank you myntra
Buy RARE RABBIT Men Auxfo Slim Fit Button Down Collar Cotton Shirt  - Shirts for Men 23136562 | Myntra,4.2,‚Çπ1999,26 May 2024,4,Myntra Customer,One of best value for money Indian brand. The material and the fit is just superb.
Buy RARE RABBIT Men Auxfo Slim Fit Button Down Collar Cotton Shirt  - Shirts for Men 23136562 | Myntra,4.2,‚Çπ1999,31 Oct 2024,3,Myntra Customer,"Fit is good and the colour looks exactly like in the picture but
 cloth quality is not up to mark."
Buy RARE RABBIT Men Auxfo Slim Fit Button Down Collar Cotton Shirt  - Shirts for Men 23136562 | Myntra,4.2,‚Çπ1999,23 Nov 2023,4,Myntra Customer,Product is damn good and fittings also. Loved it. Just the branding should be a little bit more highlighted ü´∞
Buy RARE RABBIT Men Auxfo Slim Fit Button Down Collar Cotton Shirt  - Shirts for Men 23136562 | Myntra,4.2,‚Çπ1999,8 June 2023,5,Myntra Customer,superb shirt nice cloth ...gives rich feel the only thing i did not like is buttons on collar
Buy RARE RABBIT Men Auxfo Slim Fit Button Down Collar Cotton Shirt  - Shirts for Men 23136562 | Myntra,4.2,‚Çπ1999,2 Oct 2024,5,Myntra Customer,The fabric of the shirt is very fine and smooth. It gives a luxurious look and feel. Totally worth the price
Buy RARE RABBIT Men Auxfo Slim Fit Button Down Collar Cotton Shirt  - Shirts for Men 23136562 | Myntra,4.2,‚Çπ1999,22 Aug 2024,2,Myntra Customer,Doesnt justify the price. The material is just like another shirt. Fit is good though 
Buy RARE RABBIT Men Auxfo Slim Fit Button Down Collar Cotton Shirt  - Shirts for Men 23136562 | Myntra,4.2,‚Çπ1999,2 Aug 2024,5,Myntra Customer,"Amazing product , rare rabit in itself is a luxury brand
The fitting and the material is just too good "
Buy RARE RABBIT Men Auxfo Slim Fit Button Down Collar Cotton Shirt  - Shirts for Men 23136562 | Myntra,4.2,‚Çπ1999,29 Jan 2025,5,Myntra Customer,Quality and texture was good but the size is smaller than expected. Order a size bigger if you have a gym build body.
Buy RARE RABBIT Men Auxfo Slim Fit Button Down Collar Cotton Shirt  - Shirts for Men 23136562 | Myntra,4.2,‚Çπ1999,28 Jan 2025,4,Myntra Customer,"Product is good but didn't have replacement, it's better with replacement."
Buy RARE RABBIT Men Auxfo Slim Fit Button Down Collar Cotton Shirt  - Shirts for Men 23136562 | Myntra,4.2,‚Çπ1999,10 June 2024,4,Myntra Customer,Material quality is very nice and the colour is amazing. Rare rabbit is really a rare thing
Buy RARE RABBIT Men Auxfo Slim Fit Button Down Collar Cotton Shirt  - Shirts for Men 23136562 | Myntra,4.2,‚Çπ1999,4 June 2023,3,Myntra Customer,Fitting is perfect...but the color is deceptive
Buy RARE RABBIT Men Auxfo Slim Fit Button Down Collar Cotton Shirt  - Shirts for Men 23136562 | Myntra,4.2,‚Çπ1999,31 Aug 2024,5,Myntra Customer,"It fits well to the size. Colour is still the same after several washes.
"
Buy RARE RABBIT Men Auxfo Slim Fit Button Down Collar Cotton Shirt  - Shirts for Men 23136562 | Myntra,4.2,‚Çπ1999,13 June 2024,5,Myntra Customer,"Nice fit and perfect for the people who has height of 6 or more

"
Buy RARE RABBIT Men Auxfo Slim Fit Button Down Collar Cotton Shirt  - Shirts for Men 23136562 | Myntra,4.2,‚Çπ1999,22 June 2024,4,Myntra Customer,"Such a great quality and size is perfect fittings are awesome 
"
Buy RARE RABBIT Men Auxfo Slim Fit Button Down Collar Cotton Shirt  - Shirts for Men 23136562 | Myntra,4.2,‚Çπ1999,2 May 2024,5,Myntra Customer,"Cloth quality was 10/10 shirt was awesome,same as shown & it's perfect thank you Myntra once again ü§å"
Buy RARE RABBIT Men Auxfo Slim Fit Button Down Collar Cotton Shirt  - Shirts for Men 23136562 | Myntra,4.2,‚Çπ1999,12 Dec 2024,3,Myntra Customer,Quality is excellent. But size is  little smaller than standard. 
Buy RARE RABBIT Men Auxfo Slim Fit Button Down Collar Cotton Shirt  - Shirts for Men 23136562 | Myntra,4.2,‚Çπ1999,13 July 2023,3,Myntra Customer,Color is very good but the material is very thick which makes uncomfortable to wear this shirt in summer.
Buy RARE RABBIT Men Auxfo Slim Fit Button Down Collar Cotton Shirt  - Shirts for Men 23136562 | Myntra,4.2,‚Çπ1999,3 Nov 2024,5,Myntra Customer,Perfect fit. Perfect material. Perfectly crafted just loved it highly recommended 
Buy RARE RABBIT Men Auxfo Slim Fit Button Down Collar Cotton Shirt  - Shirts for Men 23136562 | Myntra,4.2,‚Çπ1999,30 Jan 2024,4,Myntra Customer,Ok Quality. If quality improved i would have given 5 star. 
Buy RARE RABBIT Men Auxfo Slim Fit Button Down Collar Cotton Shirt  - Shirts for Men 23136562 | Myntra,4.2,‚Çπ1999,22 Oct 2024,5,Myntra Customer,"I really loved the fabric , durability and the fit of the shirt ! 
Absolute premium buy! "
Buy RARE RABBIT Men Auxfo Slim Fit Button Down Collar Cotton Shirt  - Shirts for Men 23136562 | Myntra,4.2,‚Çπ1999,26 Nov 2023,3,Myntra Customer,"Quality does not match against the catalog. Fitting is loose and doesn't give a premium look.
"
Buy RARE RABBIT Men Auxfo Slim Fit Button Down Collar Cotton Shirt  - Shirts for Men 23136562 | Myntra,4.2,‚Çπ1999,25 Apr 2024,4,Myntra Customer,"The fabric is amazing! Rare rabbit is amazing quality 
"
Buy RARE RABBIT Men Auxfo Slim Fit Button Down Collar Cotton Shirt  - Shirts for Men 23136562 | Myntra,4.2,‚Çπ1999,26 July 2024,5,Myntra Customer,Liked the fit. Shirt is perfect as a casual wear and formal wear.
Buy RARE RABBIT Men Auxfo Slim Fit Button Down Collar Cotton Shirt  - Shirts for Men 23136562 | Myntra,4.2,‚Çπ1999,7 May 2024,5,Myntra Customer,"Qulaity top notch
Product top notch
Original product
Best shopping site
"
Buy RARE RABBIT Men Auxfo Slim Fit Button Down Collar Cotton Shirt  - Shirts for Men 23136562 | Myntra,4.2,‚Çπ1999,6 Apr 2024,5,S Shamsheer,Mind blowing product awesome  good product go for it üëåüëåüëå
Buy RARE RABBIT Men Auxfo Slim Fit Button Down Collar Cotton Shirt  - Shirts for Men 23136562 | Myntra,4.2,‚Çπ1999,22 Nov 2024,5,Kevin John,The shirt looks and feels really good. Fit was also perfect.
Buy RARE RABBIT Men Auxfo Slim Fit Button Down Collar Cotton Shirt  - Shirts for Men 23136562 | Myntra,4.2,‚Çπ1999,15 Jan 2025,5,Pushpa Ratan,Very very good Product and good colar very nice fiting over oll good 
Buy RARE RABBIT Men Auxfo Slim Fit Button Down Collar Cotton Shirt  - Shirts for Men 23136562 | Myntra,4.2,‚Çπ1999,11 June 2024,4,Myntra Customer,"Worth to Buy 
Don‚Äôt wash in Washing machine 
"
Buy RARE RABBIT Men Auxfo Slim Fit Button Down Collar Cotton Shirt  - Shirts for Men 23136562 | Myntra,4.2,‚Çπ1999,2 Aug 2024,5,Namit Kumar,"Awesome colour and fitting smooth clothing
"
Buy RARE RABBIT Men Auxfo Slim Fit Button Down Collar Cotton Shirt  - Shirts for Men 23136562 | Myntra,4.2,‚Çπ1999,13 May 2024,5,Riya,"Amazing product 
I loved it
It fits on my body perfectly 
Thanks Myntra"
Buy RARE RABBIT Men Auxfo Slim Fit Button Down Collar Cotton Shirt  - Shirts for Men 23136562 | Myntra,4.2,‚Çπ1999,8 May 2024,4,Myntra Customer,Fitting was perfect for me and quality also good
Buy RARE RABBIT Men Auxfo Slim Fit Button Down Collar Cotton Shirt  - Shirts for Men 23136562 | Myntra,4.2,‚Çπ1999,8 June 2024,4,Vahid,I liked it. Look premium shirts. You can go it 
Buy RARE RABBIT Men Auxfo Slim Fit Button Down Collar Cotton Shirt  - Shirts for Men 23136562 | Myntra,4.2,‚Çπ1999,24 Aug 2024,4,Priyanshu Saxena,Stuff is really nice and colour as well
Buy RARE RABBIT Men Auxfo Slim Fit Button Down Collar Cotton Shirt  - Shirts for Men 23136562 | Myntra,4.2,‚Çπ1999,15 May 2024,4,Jaswanth,Quality is awesome and looks great 
Buy RARE RABBIT Men Auxfo Slim Fit Button Down Collar Cotton Shirt  - Shirts for Men 23136562 | Myntra,4.2,‚Çπ1999,8 May 2024,5,Sanoop,Nice fit.perfect for inshirt look and good quality material
Buy RARE RABBIT Men Auxfo Slim Fit Button Down Collar Cotton Shirt  - Shirts for Men 23136562 | Myntra,4.2,‚Çπ1999,17 Dec 2024,5,Jay Agrawal,Best shirt you can have.. used in multiple occasions
Buy RARE RABBIT Men Auxfo Slim Fit Button Down Collar Cotton Shirt  - Shirts for Men 23136562 | Myntra,4.2,‚Çπ1999,10 Dec 2024,4,Brij,"Good product
"
Buy RARE RABBIT Men Auxfo Slim Fit Button Down Collar Cotton Shirt  - Shirts for Men 23136562 | Myntra,4.2,‚Çπ1999,3 June 2023,5,M Gouthami,Nice product perfect ??tq myntra
Buy RARE RABBIT Men Auxfo Slim Fit Button Down Collar Cotton Shirt  - Shirts for Men 23136562 | Myntra,4.2,‚Çπ1999,23 Nov 2024,5,Myntra Customer,Best quality product must go for rare rabbit brand
Buy RARE RABBIT Men Auxfo Slim Fit Button Down Collar Cotton Shirt  - Shirts for Men 23136562 | Myntra,4.2,‚Çπ1999,12 Sept 2024,5,Jay,"Nice shirt material and fitting 
Looking good 
"
Buy RARE RABBIT Men Auxfo Slim Fit Button Down Collar Cotton Shirt  - Shirts for Men 23136562 | Myntra,4.2,‚Çπ1999,11 June 2024,4,Rishabh,loved it  rare rabit nice product 
Buy RARE RABBIT Men Auxfo Slim Fit Button Down Collar Cotton Shirt  - Shirts for Men 23136562 | Myntra,4.2,‚Çπ1999,28 May 2023,5,Yogesh Lonkar,Awesome service and product 
Buy RARE RABBIT Men Auxfo Slim Fit Button Down Collar Cotton Shirt  - Shirts for Men 23136562 | Myntra,4.2,‚Çπ1999,5 June 2024,5,Mohammed Soniya,Slightly difference in the quality from the Myntra to rare rabbit app
Buy RARE RABBIT Men Auxfo Slim Fit Button Down Collar Cotton Shirt  - Shirts for Men 23136562 | Myntra,4.2,‚Çπ1999,3 Nov 2023,5,Pawan Tiwari,It's good shirt can purchase and just wear it's awesome üòé
Buy RARE RABBIT Men Auxfo Slim Fit Button Down Collar Cotton Shirt  - Shirts for Men 23136562 | Myntra,4.2,‚Çπ1999,19 July 2024,5,Trishir,"Strongly recommend 
Best buy for me yet from Myntra





"
Buy RARE RABBIT Men Auxfo Slim Fit Button Down Collar Cotton Shirt  - Shirts for Men 23136562 | Myntra,4.2,‚Çπ1999,29 Sept 2024,5,Thatankita Biswas,"Awesome fit and quality.
"
Buy RARE RABBIT Men Auxfo Slim Fit Button Down Collar Cotton Shirt  - Shirts for Men 23136562 | Myntra,4.2,‚Çπ1999,12 Oct 2024,5,Kavya Gundu,"Good fit, not a shiny cloth but looking cool"
Buy RARE RABBIT Men Auxfo Slim Fit Button Down Collar Cotton Shirt  - Shirts for Men 23136562 | Myntra,4.2,‚Çπ1999,12 Nov 2024,5,Ashlesha Mishra,"It a amazing shirt, I loved this and admired a lot"
Buy RARE RABBIT Men Auxfo Slim Fit Button Down Collar Cotton Shirt  - Shirts for Men 23136562 | Myntra,4.2,‚Çπ1999,17 Sept 2024,4,Myntra Customer,Nice colour and clothes 
Buy RARE RABBIT Men Auxfo Slim Fit Button Down Collar Cotton Shirt  - Shirts for Men 23136562 | Myntra,4.2,‚Çπ1999,3 Nov 2023,5,Myntra Customer,It's just too good‚ù§Ô∏è
Buy RARE RABBIT Men Auxfo Slim Fit Button Down Collar Cotton Shirt  - Shirts for Men 23136562 | Myntra,4.2,‚Çπ1999,17 June 2023,4,Myntra Customer,The quality is very good. 
Buy RARE RABBIT Men Auxfo Slim Fit Button Down Collar Cotton Shirt  - Shirts for Men 23136562 | Myntra,4.2,‚Çπ1999,12 June 2024,5,Myntra Customer,Excellent quality and colour of the shirt.
Buy RARE RABBIT Men Auxfo Slim Fit Button Down Collar Cotton Shirt  - Shirts for Men 23136562 | Myntra,4.2,‚Çπ1999,18 Sept 2024,5,Myntra Customer,"Very nice shirt 
My husband loved it ü•∞ "
Buy RARE RABBIT Men Auxfo Slim Fit Button Down Collar Cotton Shirt  - Shirts for Men 23136562 | Myntra,4.2,‚Çπ1999,7 May 2024,5,Myntra Customer,"Super quality product delivered:..best shopping app
"
Buy RARE RABBIT Men Auxfo Slim Fit Button Down Collar Cotton Shirt  - Shirts for Men 23136562 | Myntra,4.2,‚Çπ1999,2 June 2024,5,Myntra Customer,"Gifted to a friend, he loved yhe colour and fit"
Buy RARE RABBIT Men Auxfo Slim Fit Button Down Collar Cotton Shirt  - Shirts for Men 23136562 | Myntra,4.2,‚Çπ1999,28 July 2024,5,Myntra Customer,"Nice fit, good material and comfortable."
Buy RARE RABBIT Men Auxfo Slim Fit Button Down Collar Cotton Shirt  - Shirts for Men 23136562 | Myntra,4.2,‚Çπ1999,16 Dec 2024,5,Myntra Customer,Good quality and fit of the product
Buy RARE RABBIT Men Auxfo Slim Fit Button Down Collar Cotton Shirt  - Shirts for Men 23136562 | Myntra,4.2,‚Çπ1999,9 June 2024,5,Myntra Customer,Correct fitting and superb clothes üëåüëåüòç
Buy RARE RABBIT Men Auxfo Slim Fit Button Down Collar Cotton Shirt  - Shirts for Men 23136562 | Myntra,4.2,‚Çπ1999,11 June 2024,5,Myntra Customer,"Awesome fabric, stylish and comfortable."
Buy RARE RABBIT Men Auxfo Slim Fit Button Down Collar Cotton Shirt  - Shirts for Men 23136562 | Myntra,4.2,‚Çπ1999,18 Nov 2023,5,Myntra Customer,Good product. Quality material and stitching 
Buy RARE RABBIT Men Auxfo Slim Fit Button Down Collar Cotton Shirt  - Shirts for Men 23136562 | Myntra,4.2,‚Çπ1999,18 June 2024,4,Aniltharak,"Nice shirt, definitely buy "
Buy RARE RABBIT Men Auxfo Slim Fit Button Down Collar Cotton Shirt  - Shirts for Men 23136562 | Myntra,4.2,‚Çπ1999,25 Sept 2024,4,Ravijith,Good buy.. looks sturdy 
Buy RARE RABBIT Men Auxfo Slim Fit Button Down Collar Cotton Shirt  - Shirts for Men 23136562 | Myntra,4.2,‚Çπ1999,22 Sept 2024,5,Siraj Athaniya,"# Nice shirt 
# decent look
# fabric awesome "
Buy RARE RABBIT Men Auxfo Slim Fit Button Down Collar Cotton Shirt  - Shirts for Men 23136562 | Myntra,4.2,‚Çπ1999,19 Aug 2024,5,Naman Mathur,"Feels like premium quality, perfect fit"
Buy RARE RABBIT Men Auxfo Slim Fit Button Down Collar Cotton Shirt  - Shirts for Men 23136562 | Myntra,4.2,‚Çπ1999,24 Jan 2024,5,Myntra Customer,Wow nice shirt cloth very good quality
Buy RARE RABBIT Men Auxfo Slim Fit Button Down Collar Cotton Shirt  - Shirts for Men 23136562 | Myntra,4.2,‚Çπ1999,5 Feb 2025,4,Aproop M,"Loved the colour tone & fit. Looks so dope 
"
Buy RARE RABBIT Men Auxfo Slim Fit Button Down Collar Cotton Shirt  - Shirts for Men 23136562 | Myntra,4.2,‚Çπ1999,4 Sept 2024,5,Shashank Chaudhari,"Perfect fitting, good quality üëåüèº"
Buy RARE RABBIT Men Auxfo Slim Fit Button Down Collar Cotton Shirt  - Shirts for Men 23136562 | Myntra,4.2,‚Çπ1999,9 July 2024,5,Venkat,Quality is best and worth of money 
Buy RARE RABBIT Men Auxfo Slim Fit Button Down Collar Cotton Shirt  - Shirts for Men 23136562 | Myntra,4.2,‚Çπ1999,21 June 2024,4,Badhri,Nice shirt good quality 
Buy RARE RABBIT Men Auxfo Slim Fit Button Down Collar Cotton Shirt  - Shirts for Men 23136562 | Myntra,4.2,‚Çπ1999,3 July 2024,5,Santosh Kumbar,Shirt quality is good and more attractive.
Buy RARE RABBIT Men Auxfo Slim Fit Button Down Collar Cotton Shirt  - Shirts for Men 23136562 | Myntra,4.2,‚Çπ1999,6 July 2023,5,Shrikar Badganchi,The colour of Shirts looks Fascinating and the quality of the fabric is Good.
Buy RARE RABBIT Men Auxfo Slim Fit Button Down Collar Cotton Shirt  - Shirts for Men 23136562 | Myntra,4.2,‚Çπ1999,9 July 2024,5,Venkat,Quality is best and worth of money 
Buy RARE RABBIT Men Auxfo Slim Fit Button Down Collar Cotton Shirt  - Shirts for Men 23136562 | Myntra,4.2,‚Çπ1999,18 Dec 2024,5,Myntra Customer,Always loving this brand quality
Buy RARE RABBIT Men Auxfo Slim Fit Button Down Collar Cotton Shirt  - Shirts for Men 23136562 | Myntra,4.2,‚Çπ1999,16 Oct 2024,4,Myntra Customer,Best buy this one for me 
Buy RARE RABBIT Men Auxfo Slim Fit Button Down Collar Cotton Shirt  - Shirts for Men 23136562 | Myntra,4.2,‚Çπ1999,17 Nov 2024,4,Myntra Customer,"Superb ni e fitting 
"
Buy RARE RABBIT Men Auxfo Slim Fit Button Down Collar Cotton Shirt  - Shirts for Men 23136562 | Myntra,4.2,‚Çπ1999,6 Nov 2023,3,Myntra Customer,Shirt was little short and little tight as per the L size
Buy RARE RABBIT Men Auxfo Slim Fit Button Down Collar Cotton Shirt  - Shirts for Men 23136562 | Myntra,4.2,‚Çπ1999,3 June 2024,5,Myntra Customer,"Very good quality, highly recommended "
Buy RARE RABBIT Men Auxfo Slim Fit Button Down Collar Cotton Shirt  - Shirts for Men 23136562 | Myntra,4.2,‚Çπ1999,4 June 2024,5,Myntra Customer,Comfortable tahirt good feel of cloth
Buy RARE RABBIT Men Auxfo Slim Fit Button Down Collar Cotton Shirt  - Shirts for Men 23136562 | Myntra,4.2,‚Çπ1999,10 May 2024,5,Myntra Customer,Very nice I am satisfied full 
Buy RARE RABBIT Men Auxfo Slim Fit Button Down Collar Cotton Shirt  - Shirts for Men 23136562 | Myntra,4.2,‚Çπ1999,26 May 2024,5,Myntra Customer,This shirt is too good.. quality is good 
Buy RARE RABBIT Men Auxfo Slim Fit Button Down Collar Cotton Shirt  - Shirts for Men 23136562 | Myntra,4.2,‚Çπ1999,27 Sept 2024,5,Myntra Customer,Good quality. Loved the shirt.
Buy RARE RABBIT Men Auxfo Slim Fit Button Down Collar Cotton Shirt  - Shirts for Men 23136562 | Myntra,4.2,‚Çπ1999,2 June 2024,5,Myntra Customer,"Best comany i ever seen,,‚≠ê"
Buy RARE RABBIT Men Auxfo Slim Fit Button Down Collar Cotton Shirt  - Shirts for Men 23136562 | Myntra,4.2,‚Çπ1999,27 Sept 2024,5,Myntra Customer,Sooo breathable fabric and very good one
Buy RARE RABBIT Men Auxfo Slim Fit Button Down Collar Cotton Shirt  - Shirts for Men 23136562 | Myntra,4.2,‚Çπ1999,10 July 2024,4,Myntra Customer,Good quality. Worth buying
Buy RARE RABBIT Men Auxfo Slim Fit Button Down Collar Cotton Shirt  - Shirts for Men 23136562 | Myntra,4.2,‚Çπ1999,5 Sept 2024,5,Myntra Customer,"Awesome, Nice fitting Best quality "
Buy RARE RABBIT Men Auxfo Slim Fit Button Down Collar Cotton Shirt  - Shirts for Men 23136562 | Myntra,4.2,‚Çπ1999,6 Oct 2024,5,Myntra Customer,Good one and as per image.
Buy RARE RABBIT Men Auxfo Slim Fit Button Down Collar Cotton Shirt  - Shirts for Men 23136562 | Myntra,4.2,‚Çπ1999,22 July 2023,3,Myntra Customer,
Buy RARE RABBIT Men Auxfo Slim Fit Button Down Collar Cotton Shirt  - Shirts for Men 23136562 | Myntra,4.2,‚Çπ1999,6 Sept 2024,5,Myntra Customer,Such an amazing shirt.
Buy RARE RABBIT Men Auxfo Slim Fit Button Down Collar Cotton Shirt  - Shirts for Men 23136562 | Myntra,4.2,‚Çπ1999,19 Jan 2025,5,Myntra Customer,Amazing colour and Fit ! 
Buy RARE RABBIT Men Auxfo Slim Fit Button Down Collar Cotton Shirt  - Shirts for Men 23136562 | Myntra,4.2,‚Çπ1999,21 Nov 2024,5,Myntra Customer,Loved the fit and colour 
Buy RARE RABBIT Men Auxfo Slim Fit Button Down Collar Cotton Shirt  - Shirts for Men 23136562 | Myntra,4.2,‚Çπ1999,5 May 2024,5,Myntra Customer,Branded is really good 
Buy RARE RABBIT Men Auxfo Slim Fit Button Down Collar Cotton Shirt  - Shirts for Men 23136562 | Myntra,4.2,‚Çπ1999,20 July 2024,5,Myntra Customer,"Best fitting loved it
"
Buy RARE RABBIT Men Auxfo Slim Fit Button Down Collar Cotton Shirt  - Shirts for Men 23136562 | Myntra,4.2,‚Çπ1999,17 Oct 2024,3,Myntra Customer,"Bought this 38, but it is too tight but the quality is good

"
Buy RARE RABBIT Men Auxfo Slim Fit Button Down Collar Cotton Shirt  - Shirts for Men 23136562 | Myntra,4.2,‚Çπ1999,10 Oct 2024,5,Myntra Customer,Super cloth and smooth fabric
Buy RARE RABBIT Men Auxfo Slim Fit Button Down Collar Cotton Shirt  - Shirts for Men 23136562 | Myntra,4.2,‚Çπ1999,4 Sept 2024,5,Myntra Customer,Original rare rabit shirt
Buy RARE RABBIT Men Auxfo Slim Fit Button Down Collar Cotton Shirt  - Shirts for Men 23136562 | Myntra,4.2,‚Çπ1999,14 May 2024,4,Myntra Customer,Best comfort in this segment 
Buy RARE RABBIT Men Auxfo Slim Fit Button Down Collar Cotton Shirt  - Shirts for Men 23136562 | Myntra,4.2,‚Çπ1999,4 May 2024,5,Myntra Customer,Super quality meterial 
Buy RARE RABBIT Men Auxfo Slim Fit Button Down Collar Cotton Shirt  - Shirts for Men 23136562 | Myntra,4.2,‚Çπ1999,15 Jan 2025,5,Myntra Customer,This is very good Product 
Buy RARE RABBIT Men Auxfo Slim Fit Button Down Collar Cotton Shirt  - Shirts for Men 23136562 | Myntra,4.2,‚Çπ1999,15 July 2024,5,Myntra Customer,As usual the quality is good.
Buy RARE RABBIT Men Auxfo Slim Fit Button Down Collar Cotton Shirt  - Shirts for Men 23136562 | Myntra,4.2,‚Çπ1999,15 Dec 2024,5,Myntra Customer,Great fit and colour 
Buy RARE RABBIT Men Auxfo Slim Fit Button Down Collar Cotton Shirt  - Shirts for Men 23136562 | Myntra,4.2,‚Çπ1999,9 Apr 2024,5,Myntra Customer,"Nice quality and fitting. 
"
Buy RARE RABBIT Men Auxfo Slim Fit Button Down Collar Cotton Shirt  - Shirts for Men 23136562 | Myntra,4.2,‚Çπ1999,3 June 2024,5,Myntra Customer,Perfect fit and beautiful colour 
Buy RARE RABBIT Men Auxfo Slim Fit Button Down Collar Cotton Shirt  - Shirts for Men 23136562 | Myntra,4.2,‚Çπ1999,5 Nov 2023,5,Myntra Customer,Excellent and superb genuine product
Buy RARE RABBIT Men Auxfo Slim Fit Button Down Collar Cotton Shirt  - Shirts for Men 23136562 | Myntra,4.2,‚Çπ1999,16 June 2023,5,Myntra Customer,The fit and colour is perfect 
Buy RARE RABBIT Men Auxfo Slim Fit Button Down Collar Cotton Shirt  - Shirts for Men 23136562 | Myntra,4.2,‚Çπ1999,26 May 2024,5,Myntra Customer,So good looking products 
Buy RARE RABBIT Men Auxfo Slim Fit Button Down Collar Cotton Shirt  - Shirts for Men 23136562 | Myntra,4.2,‚Çπ1999,16 July 2023,5,Myntra Customer,
Buy RARE RABBIT Men Auxfo Slim Fit Button Down Collar Cotton Shirt  - Shirts for Men 23136562 | Myntra,4.2,‚Çπ1999,11 Aug 2024,5,Myntra Customer,Looks great worth to buy
Buy RARE RABBIT Men Auxfo Slim Fit Button Down Collar Cotton Shirt  - Shirts for Men 23136562 | Myntra,4.2,‚Çπ1999,23 Apr 2024,5,Myntra Customer,Colour is vary classy 
Buy RARE RABBIT Men Auxfo Slim Fit Button Down Collar Cotton Shirt  - Shirts for Men 23136562 | Myntra,4.2,‚Çπ1999,9 Nov 2023,5,Rishikesh,"Must buy good looking 
"
Buy RARE RABBIT Men Auxfo Slim Fit Button Down Collar Cotton Shirt  - Shirts for Men 23136562 | Myntra,4.2,‚Çπ1999,1 Sept 2024,5,Shubham Dubey,Comfy classy nice product
Buy RARE RABBIT Men Auxfo Slim Fit Button Down Collar Cotton Shirt  - Shirts for Men 23136562 | Myntra,4.2,‚Çπ1999,21 Nov 2024,5,Sheetal,Nice colour and fabric
Buy RARE RABBIT Men Auxfo Slim Fit Button Down Collar Cotton Shirt  - Shirts for Men 23136562 | Myntra,4.2,‚Çπ1999,5 June 2024,3,Jay,Was good but colour wasn‚Äôt something i expected
Buy RARE RABBIT Men Auxfo Slim Fit Button Down Collar Cotton Shirt  - Shirts for Men 23136562 | Myntra,4.2,‚Çπ1999,18 Jan 2025,5,Myntra Customer,Perfect fit and colour 
Buy RARE RABBIT Men Auxfo Slim Fit Button Down Collar Cotton Shirt  - Shirts for Men 23136562 | Myntra,4.2,‚Çπ1999,7 Oct 2024,5,Gowtham Gogineni,"
It‚Äôs fabric was good"
Buy RARE RABBIT Men Auxfo Slim Fit Button Down Collar Cotton Shirt  - Shirts for Men 23136562 | Myntra,4.2,‚Çπ1999,5 Sept 2024,5,Rahul Jamloki,"Good product, very nice "
Buy RARE RABBIT Men Auxfo Slim Fit Button Down Collar Cotton Shirt  - Shirts for Men 23136562 | Myntra,4.2,‚Çπ1999,9 Oct 2024,3,Yashwanth,Best quality.Trustworthy delivery from Myntra 
Buy RARE RABBIT Men Auxfo Slim Fit Button Down Collar Cotton Shirt  - Shirts for Men 23136562 | Myntra,4.2,‚Çπ1999,10 June 2023,5,Hs,Size issue I have 40 c.m. size is perfect
Buy RARE RABBIT Men Auxfo Slim Fit Button Down Collar Cotton Shirt  - Shirts for Men 23136562 | Myntra,4.2,‚Çπ1999,12 Nov 2023,3,Abhijith Mohan,The fit is not accurate 
Buy RARE RABBIT Men Auxfo Slim Fit Button Down Collar Cotton Shirt  - Shirts for Men 23136562 | Myntra,4.2,‚Çπ1999,19 Aug 2023,3,Jeet,"Too pricey quality is avrage compared to other brands


"
Buy RARE RABBIT Men Auxfo Slim Fit Button Down Collar Cotton Shirt  - Shirts for Men 23136562 | Myntra,4.2,‚Çπ1999,18 Oct 2024,3,Athira,The color looks faded in real
Buy RARE RABBIT Men Auxfo Slim Fit Button Down Collar Cotton Shirt  - Shirts for Men 23136562 | Myntra,4.2,‚Çπ1999,14 Dec 2023,1,Anand,The Color and quality of the product is the burst. I don't want to keep this product but No return is available with this. It is like making people fool with the product. I will never purchase this brand.
Buy RARE RABBIT Men Auxfo Slim Fit Button Down Collar Cotton Shirt  - Shirts for Men 23136562 | Myntra,4.2,‚Çπ1999,27 Dec 2023,3,Hasmukhbhai,Fabric is not that good. 
Buy RARE RABBIT Men Auxfo Slim Fit Button Down Collar Cotton Shirt  - Shirts for Men 23136562 | Myntra,4.2,‚Çπ1999,24 Apr 2024,5,Sumeet Hiwale,
Buy RARE RABBIT Men Auxfo Slim Fit Button Down Collar Cotton Shirt  - Shirts for Men 23136562 | Myntra,4.2,‚Çπ1999,23 Jan 2025,4,Saurabh Khangale,Good cloth material
Buy RARE RABBIT Men Auxfo Slim Fit Button Down Collar Cotton Shirt  - Shirts for Men 23136562 | Myntra,4.2,‚Çπ1999,1 May 2024,4,Stitiprangya Barik,Very good quality
Buy RARE RABBIT Men Auxfo Slim Fit Button Down Collar Cotton Shirt  - Shirts for Men 23136562 | Myntra,4.2,‚Çπ1999,8 July 2023,4,Ankit Saxena,Good product 
Buy RARE RABBIT Men Auxfo Slim Fit Button Down Collar Cotton Shirt  - Shirts for Men 23136562 | Myntra,4.2,‚Çπ1999,9 Oct 2024,4,Divyesh Thesiya,"Good, decent shirt 
"
Buy RARE RABBIT Men Auxfo Slim Fit Button Down Collar Cotton Shirt  - Shirts for Men 23136562 | Myntra,4.2,‚Çπ1999,20 Nov 2024,4,Pratishtha,Short on tall ppl 
Buy RARE RABBIT Men Auxfo Slim Fit Button Down Collar Cotton Shirt  - Shirts for Men 23136562 | Myntra,4.2,‚Çπ1999,4 Dec 2024,4,Pranjali Khare,Good one
Buy RARE RABBIT Men Auxfo Slim Fit Button Down Collar Cotton Shirt  - Shirts for Men 23136562 | Myntra,4.2,‚Çπ1999,9 July 2024,4,Mohana,Very premium 
Buy RARE RABBIT Men Auxfo Slim Fit Button Down Collar Cotton Shirt  - Shirts for Men 23136562 | Myntra,4.2,‚Çπ1999,5 Nov 2024,4,Bhanu Msh,Awesome quality 
Buy RARE RABBIT Men Auxfo Slim Fit Button Down Collar Cotton Shirt  - Shirts for Men 23136562 | Myntra,4.2,‚Çπ1999,14 Oct 2024,4,Riya,Good product 
Buy RARE RABBIT Men Auxfo Slim Fit Button Down Collar Cotton Shirt  - Shirts for Men 23136562 | Myntra,4.2,‚Çπ1999,22 Sept 2024,4,Myntra Customer,Best fitting 
Buy RARE RABBIT Men Auxfo Slim Fit Button Down Collar Cotton Shirt  - Shirts for Men 23136562 | Myntra,4.2,‚Çπ1999,13 Sept 2024,4,Myntra Customer,Good shirt 
Buy RARE RABBIT Men Auxfo Slim Fit Button Down Collar Cotton Shirt  - Shirts for Men 23136562 | Myntra,4.2,‚Çπ1999,14 May 2024,4,Myntra Customer,Fitting is good
Buy RARE RABBIT Men Auxfo Slim Fit Button Down Collar Cotton Shirt  - Shirts for Men 23136562 | Myntra,4.2,‚Çπ1999,5 July 2024,4,Myntra Customer,Its good 
Buy RARE RABBIT Men Auxfo Slim Fit Button Down Collar Cotton Shirt  - Shirts for Men 23136562 | Myntra,4.2,‚Çπ1999,10 Nov 2024,4,Myntra Customer,Very nice üëç
Buy RARE RABBIT Men Auxfo Slim Fit Button Down Collar Cotton Shirt  - Shirts for Men 23136562 | Myntra,4.2,‚Çπ1999,11 June 2024,4,Myntra Customer,nice loved it
Buy RARE RABBIT Men Auxfo Slim Fit Button Down Collar Cotton Shirt  - Shirts for Men 23136562 | Myntra,4.2,‚Çπ1999,24 Jan 2025,5,Myntra Customer,It is uber cool üòé
Buy RARE RABBIT Men Auxfo Slim Fit Button Down Collar Cotton Shirt  - Shirts for Men 23136562 | Myntra,4.2,‚Çπ1999,5 Sept 2024,4,Myntra Customer,Very good
Buy RARE RABBIT Men Auxfo Slim Fit Button Down Collar Cotton Shirt  - Shirts for Men 23136562 | Myntra,4.2,‚Çπ1999,23 Dec 2024,4,Myntra Customer,Nice product 
Buy RARE RABBIT Men Auxfo Slim Fit Button Down Collar Cotton Shirt  - Shirts for Men 23136562 | Myntra,4.2,‚Çπ1999,27 Oct 2024,4,Myntra Customer,"Awesome 
"
Buy RARE RABBIT Men Auxfo Slim Fit Button Down Collar Cotton Shirt  - Shirts for Men 23136562 | Myntra,4.2,‚Çπ1999,20 June 2024,4,Myntra Customer,Amazing quality 
Buy RARE RABBIT Men Auxfo Slim Fit Button Down Collar Cotton Shirt  - Shirts for Men 23136562 | Myntra,4.2,‚Çπ1999,3 May 2024,4,Myntra Customer,Very good 
Buy RARE RABBIT Men Auxfo Slim Fit Button Down Collar Cotton Shirt  - Shirts for Men 23136562 | Myntra,4.2,‚Çπ1999,13 June 2024,4,Abhishek,"Nice one
"
Buy RARE RABBIT Men Auxfo Slim Fit Button Down Collar Cotton Shirt  - Shirts for Men 23136562 | Myntra,4.2,‚Çπ1999,22 May 2024,4,Shaiknoor,Good to go 
Buy RARE RABBIT Men Auxfo Slim Fit Button Down Collar Cotton Shirt  - Shirts for Men 23136562 | Myntra,4.2,‚Çπ1999,7 Aug 2024,4,Jilan,Super
Buy RARE RABBIT Men Auxfo Slim Fit Button Down Collar Cotton Shirt  - Shirts for Men 23136562 | Myntra,4.2,‚Çπ1999,8 Oct 2024,4,Shilpa,Nice 
Buy RARE RABBIT Men Auxfo Slim Fit Button Down Collar Cotton Shirt  - Shirts for Men 23136562 | Myntra,4.2,‚Çπ1999,11 June 2024,4,Bhaskar Siripurapu,Good 
Buy RARE RABBIT Men Auxfo Slim Fit Button Down Collar Cotton Shirt  - Shirts for Men 23136562 | Myntra,4.2,‚Çπ1999,14 Sept 2024,5,Malay Das,The fit was perfect 
Buy RARE RABBIT Men Auxfo Slim Fit Button Down Collar Cotton Shirt  - Shirts for Men 23136562 | Myntra,4.2,‚Çπ1999,15 June 2024,4,Shaik Yasin,Perfect fit
Buy RARE RABBIT Men Auxfo Slim Fit Button Down Collar Cotton Shirt  - Shirts for Men 23136562 | Myntra,4.2,‚Çπ1999,7 June 2024,4,Gokul,Nice 
Buy RARE RABBIT Men Auxfo Slim Fit Button Down Collar Cotton Shirt  - Shirts for Men 23136562 | Myntra,4.2,‚Çπ1999,14 May 2024,5,Gauresh Naik,Elegant  product 
Buy RARE RABBIT Men Auxfo Slim Fit Button Down Collar Cotton Shirt  - Shirts for Men 23136562 | Myntra,4.2,‚Çπ1999,15 Oct 2024,4,Lavanya,Good 
Buy RARE RABBIT Men Auxfo Slim Fit Button Down Collar Cotton Shirt  - Shirts for Men 23136562 | Myntra,4.2,‚Çπ1999,7 Nov 2023,4,Abhishek Kumar,Gajab
Buy RARE RABBIT Men Auxfo Slim Fit Button Down Collar Cotton Shirt  - Shirts for Men 23136562 | Myntra,4.2,‚Çπ1999,29 Sept 2024,4,Mahi,Good 
Buy RARE RABBIT Men Auxfo Slim Fit Button Down Collar Cotton Shirt  - Shirts for Men 23136562 | Myntra,4.2,‚Çπ1999,3 June 2024,4,Kiran,Nice
Buy RARE RABBIT Men Auxfo Slim Fit Button Down Collar Cotton Shirt  - Shirts for Men 23136562 | Myntra,4.2,‚Çπ1999,23 Apr 2024,4,Pagal,Good
Buy RARE RABBIT Men Auxfo Slim Fit Button Down Collar Cotton Shirt  - Shirts for Men 23136562 | Myntra,4.2,‚Çπ1999,6 Sept 2024,5,Himanshu Dwivedi,The fit was good
Buy RARE RABBIT Men Auxfo Slim Fit Button Down Collar Cotton Shirt  - Shirts for Men 23136562 | Myntra,4.2,‚Çπ1999,28 Sept 2024,5,Rachakatla Sushanth Raj,The cloth is superb
Buy RARE RABBIT Men Auxfo Slim Fit Button Down Collar Cotton Shirt  - Shirts for Men 23136562 | Myntra,4.2,‚Çπ1999,17 Dec 2024,4,Heli,"Nice shirt

"
Buy RARE RABBIT Men Auxfo Slim Fit Button Down Collar Cotton Shirt  - Shirts for Men 23136562 | Myntra,4.2,‚Çπ1999,3 Dec 2023,5,Manjeet,Perfect product 
Buy RARE RABBIT Men Auxfo Slim Fit Button Down Collar Cotton Shirt  - Shirts for Men 23136562 | Myntra,4.2,‚Çπ1999,16 July 2024,5,Sony,Very good product 
Buy RARE RABBIT Men Auxfo Slim Fit Button Down Collar Cotton Shirt  - Shirts for Men 23136562 | Myntra,4.2,‚Çπ1999,5 June 2024,4,Dipesh Kumar,Ok
Buy RARE RABBIT Men Auxfo Slim Fit Button Down Collar Cotton Shirt  - Shirts for Men 23136562 | Myntra,4.2,‚Çπ1999,5 June 2024,4,Sagarika Dhar,"Good
"
Buy RARE RABBIT Men Auxfo Slim Fit Button Down Collar Cotton Shirt  - Shirts for Men 23136562 | Myntra,4.2,‚Çπ1999,9 Aug 2024,5,Rahul Tiwari,Best quality 
Buy RARE RABBIT Men Auxfo Slim Fit Button Down Collar Cotton Shirt  - Shirts for Men 23136562 | Myntra,4.2,‚Çπ1999,23 Sept 2024,4,Jilan,Good 
Buy RARE RABBIT Men Auxfo Slim Fit Button Down Collar Cotton Shirt  - Shirts for Men 23136562 | Myntra,4.2,‚Çπ1999,9 Oct 2024,4,Rakesh Kumar, 
Buy RARE RABBIT Men Auxfo Slim Fit Button Down Collar Cotton Shirt  - Shirts for Men 23136562 | Myntra,4.2,‚Çπ1999,30 Oct 2023,1,Sreerag Vr,"Oombiya saanam , Andi Quality don't buy waste of money"
Buy RARE RABBIT Men Auxfo Slim Fit Button Down Collar Cotton Shirt  - Shirts for Men 23136562 | Myntra,4.2,‚Çπ1999,29 Nov 2024,4,Himan Patel,Good 
Buy RARE RABBIT Men Auxfo Slim Fit Button Down Collar Cotton Shirt  - Shirts for Men 23136562 | Myntra,4.2,‚Çπ1999,2 Oct 2024,5,Sai,"Good nice product 

"
Buy RARE RABBIT Men Auxfo Slim Fit Button Down Collar Cotton Shirt  - Shirts for Men 23136562 | Myntra,4.2,‚Çπ1999,15 July 2024,5,Sai Kumar Singh Thakur,I loved it. 
Buy RARE RABBIT Men Auxfo Slim Fit Button Down Collar Cotton Shirt  - Shirts for Men 23136562 | Myntra,4.2,‚Çπ1999,20 June 2024,4,Sainath Reddy,Good
Buy RARE RABBIT Men Auxfo Slim Fit Button Down Collar Cotton Shirt  - Shirts for Men 23136562 | Myntra,4.2,‚Çπ1999,12 Jan 2025,5,Rubash Sha,Good product 
Buy RARE RABBIT Men Auxfo Slim Fit Button Down Collar Cotton Shirt  - Shirts for Men 23136562 | Myntra,4.2,‚Çπ1999,26 June 2024,5,Swati,Always has grt fit 
Buy RARE RABBIT Men Auxfo Slim Fit Button Down Collar Cotton Shirt  - Shirts for Men 23136562 | Myntra,4.2,‚Çπ1999,29 Oct 2024,5,Koushik,"Nice  product 
"
Buy RARE RABBIT Men Auxfo Slim Fit Button Down Collar Cotton Shirt  - Shirts for Men 23136562 | Myntra,4.2,‚Çπ1999,20 Aug 2023,5,Shubham Larkinse,Wow..... super 
Buy RARE RABBIT Men Auxfo Slim Fit Button Down Collar Cotton Shirt  - Shirts for Men 23136562 | Myntra,4.2,‚Çπ1999,17 Feb 2025,4,Prasanthi,Nice
Buy RARE RABBIT Men Auxfo Slim Fit Button Down Collar Cotton Shirt  - Shirts for Men 23136562 | Myntra,4.2,‚Çπ1999,5 Sept 2024,5,Amit Babu,Nice shirt 
Buy RARE RABBIT Men Auxfo Slim Fit Button Down Collar Cotton Shirt  - Shirts for Men 23136562 | Myntra,4.2,‚Çπ1999,23 Nov 2023,5,Prashant,Great ‚ù§Ô∏è
